iteracao;melhor_custo;
0;52805,68801;
1;52184,10720;
2;52184,10720;
3;52184,10720;
4;52184,10720;
5;52184,10720;
6;52184,10720;
7;52184,10720;
8;52184,10720;
9;52184,10720;
10;52184,10720;
11;52184,10720;
12;52184,10720;
13;52184,10720;
14;51605,95239;
15;51605,95239;
16;51227,47956;
17;51227,47956;
18;51227,47956;
19;51227,47956;
20;51227,47956;
21;51227,47956;
22;51227,47956;
23;51227,47956;
24;51227,47956;
25;50953,37696;
26;50953,37696;
27;50953,37696;
28;50953,37696;
29;50953,37696;
30;50953,37696;
31;50953,37696;
32;50953,37696;
33;50953,37696;
34;50953,37696;
35;50953,37696;
36;50953,37696;
37;50953,37696;
38;50953,37696;
39;50953,37696;
40;50953,37696;
41;50953,37696;
42;50953,37696;
43;50953,37696;
44;50953,37696;
45;50953,37696;
46;50953,37696;
47;50953,37696;
48;50953,37696;
49;50953,37696;
50;50953,37696;
51;50953,37696;
52;50953,37696;
53;50953,37696;
54;50953,37696;
55;50953,37696;
56;50953,37696;
57;50953,37696;
58;50953,37696;
59;50953,37696;
60;50953,37696;
61;50866,55960;
62;50866,55960;
63;50866,55960;
64;50866,55960;
65;50558,65560;
66;50558,65560;
67;50558,65560;
68;50558,65560;
69;50558,65560;
70;50558,65560;
71;50558,65560;
72;50558,65560;
73;50558,65560;
74;50558,65560;
75;50558,65560;
76;50558,65560;
77;50558,65560;
78;50558,65560;
79;50558,65560;
80;49764,03737;
81;49764,03737;
82;49764,03737;
83;49764,03737;
84;49764,03737;
85;49764,03737;
86;49764,03737;
87;49764,03737;
88;49764,03737;
89;49764,03737;
90;49764,03737;
91;49764,03737;
92;49764,03737;
93;48978,36453;
94;48978,36453;
95;48978,36453;
96;48978,36453;
97;48978,36453;
98;48978,36453;
99;48978,36453;
100;48978,36453;
101;48978,36453;
102;48978,36453;
103;48978,36453;
104;48978,36453;
105;48978,36453;
106;48978,36453;
107;48978,36453;
108;48831,38911;
109;48831,38911;
110;48831,38911;
111;48831,38911;
112;48831,38911;
113;48831,38911;
114;48831,38911;
115;48831,38911;
116;48831,38911;
117;48300,30356;
118;48073,60224;
119;48073,60224;
120;48073,60224;
121;48073,60224;
122;48073,60224;
123;48073,60224;
124;48073,60224;
125;48073,60224;
126;48073,60224;
127;48073,60224;
128;48073,60224;
129;48073,60224;
130;48073,60224;
131;48073,60224;
132;48073,60224;
133;48073,60224;
134;48073,60224;
135;47941,86463;
136;47941,86463;
137;47941,86463;
138;47941,86463;
139;47941,86463;
140;47941,86463;
141;47377,33362;
142;47377,33362;
143;47377,33362;
144;47377,33362;
145;47377,33362;
146;47377,33362;
147;47377,33362;
148;47377,33362;
149;47377,33362;
150;47377,33362;
151;47377,33362;
152;47377,33362;
153;47377,33362;
154;47377,33362;
155;47377,33362;
156;47377,33362;
157;47377,33362;
158;47377,33362;
159;47377,33362;
160;47377,33362;
161;47377,33362;
162;47377,33362;
163;47377,33362;
164;47377,33362;
165;47377,33362;
166;47377,33362;
167;47377,33362;
168;47073,55282;
169;47073,55282;
170;47073,55282;
171;47073,55282;
172;47073,55282;
173;47073,55282;
174;47073,55282;
175;47073,55282;
176;47073,55282;
177;47073,55282;
178;47073,55282;
179;47073,55282;
180;47073,55282;
181;47073,55282;
182;47073,55282;
183;47073,55282;
184;47073,55282;
185;47073,55282;
186;47073,55282;
187;47073,55282;
188;47073,55282;
189;47073,55282;
190;47073,55282;
191;47073,55282;
192;46901,68905;
193;46901,68905;
194;46901,68905;
195;46901,68905;
196;46901,68905;
197;46901,68905;
198;46901,68905;
199;46901,68905;
200;46658,58323;
201;46658,58323;
202;46658,58323;
203;46658,58323;
204;46658,58323;
205;46658,58323;
206;46658,58323;
207;46658,58323;
208;46658,58323;
209;46658,58323;
210;46658,58323;
211;46658,58323;
212;46658,58323;
213;46658,58323;
214;46658,58323;
215;46658,58323;
216;46658,58323;
217;46658,58323;
218;46658,58323;
219;46658,58323;
220;46658,58323;
221;46658,58323;
222;46658,58323;
223;46658,58323;
224;46658,58323;
225;46658,58323;
226;46658,58323;
227;46658,58323;
228;46658,58323;
229;46658,58323;
230;46658,58323;
231;46658,58323;
232;46658,58323;
233;46658,58323;
234;46658,58323;
235;46658,58323;
236;46568,82266;
237;46568,82266;
238;46249,54365;
239;46249,54365;
240;46249,54365;
241;46249,54365;
242;46249,54365;
243;46249,54365;
244;46249,54365;
245;46249,54365;
246;46249,54365;
247;46249,54365;
248;46249,54365;
249;46249,54365;
250;46249,54365;
251;46249,54365;
252;46249,54365;
253;46249,54365;
254;46249,54365;
255;46249,54365;
256;46249,54365;
257;46249,54365;
258;46249,54365;
259;46249,54365;
260;45129,12419;
261;45129,12419;
262;45129,12419;
263;45129,12419;
264;45129,12419;
265;45129,12419;
266;45129,12419;
267;45129,12419;
268;45129,12419;
269;45129,12419;
270;45129,12419;
271;45129,12419;
272;45129,12419;
273;45129,12419;
274;45129,12419;
275;45129,12419;
276;45129,12419;
277;45129,12419;
278;45129,12419;
279;45129,12419;
280;45129,12419;
281;45129,12419;
282;45129,12419;
283;45129,12419;
284;45129,12419;
285;45129,12419;
286;45129,12419;
287;45129,12419;
288;45129,12419;
289;45129,12419;
290;45129,12419;
291;45129,12419;
292;45129,12419;
293;45129,12419;
294;45129,12419;
295;45129,12419;
296;45129,12419;
297;45129,12419;
298;45129,12419;
299;45129,12419;
300;45129,12419;
301;45129,12419;
302;45129,12419;
303;45129,12419;
304;45129,12419;
305;45129,12419;
306;45129,12419;
307;45129,12419;
308;45129,12419;
309;45129,12419;
310;45129,12419;
311;45129,12419;
312;45129,12419;
313;45129,12419;
314;45129,12419;
315;45129,12419;
316;45129,12419;
317;45129,12419;
318;45129,12419;
319;45129,12419;
320;45129,12419;
321;45129,12419;
322;45129,12419;
323;45129,12419;
324;45129,12419;
325;45129,12419;
326;45129,12419;
327;45129,12419;
328;45129,12419;
329;45129,12419;
330;45129,12419;
331;45129,12419;
332;45129,12419;
333;45129,12419;
334;45129,12419;
335;45129,12419;
336;45129,12419;
337;45129,12419;
338;45129,12419;
339;45129,12419;
340;45129,12419;
341;45129,12419;
342;45129,12419;
343;45129,12419;
344;45129,12419;
345;45129,12419;
346;45129,12419;
347;45129,12419;
348;45129,12419;
349;45129,12419;
350;45129,12419;
351;45129,12419;
352;45129,12419;
353;45129,12419;
354;45129,12419;
355;45129,12419;
356;45129,12419;
357;45129,12419;
358;45129,12419;
359;45129,12419;
360;45129,12419;
361;45129,12419;
362;45129,12419;
363;45129,12419;
364;45129,12419;
365;45129,12419;
366;45129,12419;
367;45129,12419;
368;45129,12419;
369;45129,12419;
370;45129,12419;
371;45129,12419;
372;45129,12419;
373;45129,12419;
374;45129,12419;
375;45129,12419;
376;45129,12419;
377;45129,12419;
378;45129,12419;
379;45129,12419;
380;45129,12419;
381;45129,12419;
382;45129,12419;
383;45129,12419;
384;45129,12419;
385;45129,12419;
386;45129,12419;
387;45129,12419;
388;45129,12419;
389;45129,12419;
390;45129,12419;
391;45129,12419;
392;45129,12419;
393;45129,12419;
394;45129,12419;
395;45129,12419;
396;45129,12419;
397;45129,12419;
398;45129,12419;
399;45129,12419;
400;45129,12419;
401;45129,12419;
402;45129,12419;
403;45129,12419;
404;45129,12419;
405;45129,12419;
406;45129,12419;
407;45129,12419;
408;45129,12419;
409;45129,12419;
410;45129,12419;
411;45129,12419;
412;45129,12419;
413;45129,12419;
414;45129,12419;
415;45129,12419;
416;45129,12419;
417;45129,12419;
418;45129,12419;
419;45129,12419;
420;45129,12419;
421;45129,12419;
422;45129,12419;
423;45129,12419;
424;45129,12419;
425;45129,12419;
426;45129,12419;
427;45129,12419;
428;45129,12419;
429;45129,12419;
430;45129,12419;
431;45129,12419;
432;45129,12419;
433;45129,12419;
434;45129,12419;
435;45129,12419;
436;45129,12419;
437;45129,12419;
438;45129,12419;
439;45129,12419;
440;45129,12419;
441;45129,12419;
442;45129,12419;
443;45129,12419;
444;45129,12419;
445;45129,12419;
446;45129,12419;
447;45129,12419;
448;45129,12419;
449;45129,12419;
450;45129,12419;
451;45129,12419;
452;45129,12419;
453;45129,12419;
454;45129,12419;
455;45129,12419;
456;45129,12419;
457;45129,12419;
458;45129,12419;
459;45129,12419;
460;45129,12419;
461;45129,12419;
462;45129,12419;
463;45129,12419;
464;45129,12419;
465;45129,12419;
466;45129,12419;
467;45129,12419;
468;45129,12419;
469;45129,12419;
470;45129,12419;
471;45129,12419;
472;45129,12419;
473;45129,12419;
474;45129,12419;
475;45129,12419;
476;45129,12419;
477;45129,12419;
478;45129,12419;
479;45129,12419;
480;45129,12419;
481;45129,12419;
482;45129,12419;
483;45129,12419;
484;45129,12419;
485;45129,12419;
486;45129,12419;
487;45129,12419;
488;45129,12419;
489;45129,12419;
490;45129,12419;
491;45129,12419;
492;45129,12419;
493;45129,12419;
494;45129,12419;
495;45129,12419;
496;45129,12419;
497;45129,12419;
498;45129,12419;
499;45129,12419;
500;45129,12419;
501;45129,12419;
502;45129,12419;
503;45129,12419;
504;45129,12419;
505;45129,12419;
506;45129,12419;
507;45129,12419;
508;45129,12419;
509;45129,12419;
510;45129,12419;
511;45129,12419;
512;45129,12419;
513;45129,12419;
514;45064,20794;
515;45064,20794;
516;45064,20794;
517;45064,20794;
518;45064,20794;
519;45064,20794;
520;45064,20794;
521;45064,20794;
522;45064,20794;
523;45064,20794;
524;44880,19860;
525;44880,19860;
526;44880,19860;
527;44880,19860;
528;44880,19860;
529;44880,19860;
530;44880,19860;
531;44880,19860;
532;44880,19860;
533;44880,19860;
534;44880,19860;
535;44880,19860;
536;44880,19860;
537;44880,19860;
538;44880,19860;
539;44880,19860;
540;44880,19860;
541;44880,19860;
542;44880,19860;
543;44880,19860;
544;44880,19860;
545;44880,19860;
546;44880,19860;
547;44880,19860;
548;44880,19860;
549;44880,19860;
550;44880,19860;
551;44880,19860;
552;44880,19860;
553;44880,19860;
554;44880,19860;
555;44880,19860;
556;44880,19860;
557;44880,19860;
558;44880,19860;
559;44880,19860;
560;44880,19860;
561;44880,19860;
562;44880,19860;
563;44880,19860;
564;44880,19860;
565;44880,19860;
566;44880,19860;
567;44880,19860;
568;44880,19860;
569;44880,19860;
570;44880,19860;
571;44880,19860;
572;44880,19860;
573;44880,19860;
574;44880,19860;
575;44880,19860;
576;44880,19860;
577;44880,19860;
578;44880,19860;
579;44880,19860;
580;44880,19860;
581;44880,19860;
582;44880,19860;
583;44880,19860;
584;44880,19860;
585;44880,19860;
586;44880,19860;
587;44880,19860;
588;44880,19860;
589;44880,19860;
590;44880,19860;
591;44880,19860;
592;44880,19860;
593;44880,19860;
594;44880,19860;
595;44880,19860;
596;44880,19860;
597;44880,19860;
598;44880,19860;
599;44880,19860;
600;44880,19860;
601;44880,19860;
602;44880,19860;
603;44880,19860;
604;44880,19860;
605;44880,19860;
606;44880,19860;
607;44880,19860;
608;44880,19860;
609;44880,19860;
610;44880,19860;
611;44880,19860;
612;44880,19860;
613;44880,19860;
614;44880,19860;
615;44880,19860;
616;44880,19860;
617;44880,19860;
618;44880,19860;
619;44880,19860;
620;44880,19860;
621;44880,19860;
622;44880,19860;
623;44880,19860;
624;44880,19860;
625;44880,19860;
626;44880,19860;
627;44880,19860;
628;44880,19860;
629;44880,19860;
630;44880,19860;
631;44880,19860;
632;44880,19860;
633;44880,19860;
634;44880,19860;
635;44880,19860;
636;44880,19860;
637;44880,19860;
638;44880,19860;
639;44880,19860;
640;44880,19860;
641;44880,19860;
642;44880,19860;
643;44880,19860;
644;44880,19860;
645;44880,19860;
646;44880,19860;
647;44880,19860;
648;44880,19860;
649;44880,19860;
650;44880,19860;
651;44880,19860;
652;44880,19860;
653;44880,19860;
654;44880,19860;
655;44880,19860;
656;44880,19860;
657;44880,19860;
658;44880,19860;
659;44880,19860;
660;44880,19860;
661;44880,19860;
662;44570,61818;
663;44570,61818;
664;44570,61818;
665;44570,61818;
666;44570,61818;
667;44570,61818;
668;44570,61818;
669;44570,61818;
670;44570,61818;
671;44570,61818;
672;44570,61818;
673;44570,61818;
674;44570,61818;
675;44570,61818;
676;44457,29789;
677;44457,29789;
678;44457,29789;
679;44457,29789;
680;44457,29789;
681;44457,29789;
682;44457,29789;
683;44457,29789;
684;44457,29789;
685;44457,29789;
686;44457,29789;
687;44457,29789;
688;44457,29789;
689;44457,29789;
690;44457,29789;
691;44457,29789;
692;44457,29789;
693;44457,29789;
694;44457,29789;
695;44457,29789;
696;44457,29789;
697;44457,29789;
698;44457,29789;
699;44457,29789;
700;44457,29789;
701;44268,61583;
702;44193,79166;
703;44193,79166;
704;44193,79166;
705;44193,79166;
706;44193,79166;
707;44193,79166;
708;44193,79166;
709;44193,79166;
710;44193,79166;
711;44193,79166;
712;44193,79166;
713;44193,79166;
714;44193,79166;
715;44193,79166;
716;44193,79166;
717;44193,79166;
718;44193,79166;
719;44193,79166;
720;44193,79166;
721;44193,79166;
722;44193,79166;
723;44193,79166;
724;44193,79166;
725;44193,79166;
726;44193,79166;
727;44193,79166;
728;44193,79166;
729;44193,79166;
730;44193,79166;
731;44193,79166;
732;44193,79166;
733;44193,79166;
734;44193,79166;
735;44193,79166;
736;44193,79166;
737;44193,79166;
738;44193,79166;
739;44193,79166;
740;44193,79166;
741;44193,79166;
742;44193,79166;
743;44193,79166;
744;44193,79166;
745;44193,79166;
746;44193,79166;
747;44193,79166;
748;44193,79166;
749;44193,79166;
750;44193,79166;
751;44193,79166;
752;44193,79166;
753;44193,79166;
754;44193,79166;
755;44193,79166;
756;44193,79166;
757;44193,79166;
758;44193,79166;
759;44193,79166;
760;44193,79166;
761;44193,79166;
762;44193,79166;
763;44193,79166;
764;44193,79166;
765;44193,79166;
766;44193,79166;
767;44193,79166;
768;44193,79166;
769;44193,79166;
770;44193,79166;
771;44193,79166;
772;44193,79166;
773;44193,79166;
774;44193,79166;
775;44193,79166;
776;44193,79166;
777;44193,79166;
778;44148,27166;
779;44148,27166;
780;44148,27166;
781;44148,27166;
782;44148,27166;
783;44148,27166;
784;44148,27166;
785;44148,27166;
786;44148,27166;
787;44148,27166;
788;44148,27166;
789;44148,27166;
790;44148,27166;
791;44148,27166;
792;44148,27166;
793;44148,27166;
794;44148,27166;
795;44148,27166;
796;44148,27166;
797;44148,27166;
798;44148,27166;
799;44148,27166;
800;44148,27166;
801;44148,27166;
802;44148,27166;
803;44148,27166;
804;44148,27166;
805;44148,27166;
806;44148,27166;
807;44148,27166;
808;44148,27166;
809;44148,27166;
810;44148,27166;
811;44148,27166;
812;44148,27166;
813;44148,27166;
814;44148,27166;
815;44148,27166;
816;44148,27166;
817;44148,27166;
818;44148,27166;
819;44148,27166;
820;44148,27166;
821;44148,27166;
822;44148,27166;
823;44148,27166;
824;43924,80613;
825;43924,80613;
826;43924,80613;
827;43924,80613;
828;43924,80613;
829;43924,80613;
830;43924,80613;
831;43924,80613;
832;43924,80613;
833;43924,80613;
834;43924,80613;
835;43924,80613;
836;43924,80613;
837;43924,80613;
838;43924,80613;
839;43924,80613;
840;43924,80613;
841;43924,80613;
842;43924,80613;
843;43924,80613;
844;43924,80613;
845;43924,80613;
846;43924,80613;
847;43924,80613;
848;43924,80613;
849;43924,80613;
850;43924,80613;
851;43924,80613;
852;43924,80613;
853;43924,80613;
854;43924,80613;
855;43924,80613;
856;43924,80613;
857;43924,80613;
858;43924,80613;
859;43924,80613;
860;43924,80613;
861;43924,80613;
862;43924,80613;
863;43924,80613;
864;43924,80613;
865;43924,80613;
866;43924,80613;
867;43924,80613;
868;43924,80613;
869;43924,80613;
870;43924,80613;
871;43924,80613;
872;43924,80613;
873;43924,80613;
874;43924,80613;
875;43924,80613;
876;43924,80613;
877;43924,80613;
878;43924,80613;
879;43924,80613;
880;43924,80613;
881;43924,80613;
882;43924,80613;
883;43924,80613;
884;43924,80613;
885;43924,80613;
886;43924,80613;
887;43924,80613;
888;43924,80613;
889;43924,80613;
890;43924,80613;
891;43924,80613;
892;43924,80613;
893;43924,80613;
894;43924,80613;
895;43924,80613;
896;43924,80613;
897;43924,80613;
898;43924,80613;
899;43924,80613;
900;43924,80613;
901;43924,80613;
902;43924,80613;
903;43924,80613;
904;43924,80613;
905;43924,80613;
906;43924,80613;
907;43924,80613;
908;43924,80613;
909;43924,80613;
910;43924,80613;
911;43924,80613;
912;43924,80613;
913;43924,80613;
914;43924,80613;
915;43924,80613;
916;43924,80613;
917;43924,80613;
918;43924,80613;
919;43924,80613;
920;43924,80613;
921;43924,80613;
922;43924,80613;
923;43924,80613;
924;43924,80613;
925;43924,80613;
926;43924,80613;
927;43924,80613;
928;43924,80613;
929;43924,80613;
930;43924,80613;
931;43924,80613;
932;43924,80613;
933;43924,80613;
934;43908,30956;
935;43908,30956;
936;43908,30956;
937;43908,30956;
938;43908,30956;
939;43908,30956;
940;43908,30956;
941;43908,30956;
942;43908,30956;
943;43908,30956;
944;43908,30956;
945;43908,30956;
946;43908,30956;
947;43908,30956;
948;43908,30956;
949;43908,30956;
950;43908,30956;
951;43908,30956;
952;43908,30956;
953;43908,30956;
954;43908,30956;
955;43908,30956;
956;43908,30956;
957;43908,30956;
958;43908,30956;
959;43908,30956;
960;43908,30956;
961;43908,30956;
962;43908,30956;
963;43908,30956;
964;43908,30956;
965;43908,30956;
966;43908,30956;
967;43908,30956;
968;43908,30956;
969;43908,30956;
970;43908,30956;
971;43908,30956;
972;43908,30956;
973;43908,30956;
974;43908,30956;
975;43908,30956;
976;43908,30956;
977;43908,30956;
978;43908,30956;
979;43908,30956;
980;43908,30956;
981;43908,30956;
982;43908,30956;
983;43908,30956;
984;43908,30956;
985;43908,30956;
986;43908,30956;
987;43908,30956;
988;43908,30956;
989;43908,30956;
990;43908,30956;
991;43908,30956;
992;43908,30956;
993;43908,30956;
994;43908,30956;
995;43908,30956;
996;43908,30956;
997;43908,30956;
998;43908,30956;
999;43908,30956;
1000;43908,30956;
1001;43897,72000;
1002;43897,72000;
1003;43897,72000;
1004;43897,72000;
1005;43897,72000;
1006;43897,72000;
1007;43897,72000;
1008;43897,72000;
1009;43897,72000;
1010;43897,72000;
1011;43897,72000;
1012;43897,72000;
1013;43897,72000;
1014;43897,72000;
1015;43897,72000;
1016;43897,72000;
1017;43897,72000;
1018;43897,72000;
1019;43897,72000;
1020;43897,72000;
1021;43897,72000;
1022;43897,72000;
1023;43897,72000;
1024;43897,72000;
1025;43897,72000;
1026;43897,72000;
1027;43897,72000;
1028;43897,72000;
1029;43897,72000;
1030;43897,72000;
1031;43897,72000;
1032;43897,72000;
1033;43897,72000;
1034;43897,72000;
1035;43897,72000;
1036;43897,72000;
1037;43897,72000;
1038;43897,72000;
1039;43897,72000;
1040;43897,72000;
1041;43897,72000;
1042;43897,72000;
1043;43897,72000;
1044;43897,72000;
1045;43897,72000;
1046;43897,72000;
1047;43897,72000;
1048;43897,72000;
1049;43897,72000;
1050;43897,72000;
1051;43897,72000;
1052;43897,72000;
1053;43897,72000;
1054;43897,72000;
1055;43897,72000;
1056;43897,72000;
1057;43897,72000;
1058;43897,72000;
1059;43897,72000;
1060;43897,72000;
1061;43897,72000;
1062;43897,72000;
1063;43897,72000;
1064;43897,72000;
1065;43897,72000;
1066;43897,72000;
1067;43897,72000;
1068;43897,72000;
1069;43897,72000;
1070;43897,72000;
1071;43897,72000;
1072;43897,72000;
1073;43897,72000;
1074;43897,72000;
1075;43897,72000;
1076;43897,72000;
1077;43897,72000;
1078;43897,72000;
1079;43897,72000;
1080;43897,72000;
1081;43897,72000;
1082;43897,72000;
1083;43897,72000;
1084;43897,72000;
1085;43897,72000;
1086;43897,72000;
1087;43897,72000;
1088;43897,72000;
1089;43897,72000;
1090;43897,72000;
1091;43897,72000;
1092;43897,72000;
1093;43897,72000;
1094;43897,72000;
1095;43897,72000;
1096;43897,72000;
1097;43897,72000;
1098;43897,72000;
1099;43897,72000;
1100;43897,72000;
1101;43897,72000;
1102;43897,72000;
1103;43897,72000;
1104;43897,72000;
1105;43897,72000;
1106;43897,72000;
1107;43897,72000;
1108;43897,72000;
1109;43897,72000;
1110;43897,72000;
1111;43897,72000;
1112;43897,72000;
1113;43897,72000;
1114;43897,72000;
1115;43897,72000;
1116;43897,72000;
1117;43774,73095;
1118;43774,73095;
1119;43774,73095;
1120;43774,73095;
1121;43774,73095;
1122;43774,73095;
1123;43774,73095;
1124;43774,73095;
1125;43774,73095;
1126;43774,73095;
1127;43774,73095;
1128;43774,73095;
1129;43774,73095;
1130;43774,73095;
1131;43774,73095;
1132;43774,73095;
1133;43774,73095;
1134;43774,73095;
1135;43774,73095;
1136;43774,73095;
1137;43774,73095;
1138;43774,73095;
1139;43774,73095;
1140;43774,73095;
1141;43774,73095;
1142;43774,73095;
1143;43774,73095;
1144;43774,73095;
1145;43774,73095;
1146;43774,73095;
1147;43774,73095;
1148;43774,73095;
1149;43774,73095;
1150;43774,73095;
1151;43774,73095;
1152;43774,73095;
1153;43774,73095;
1154;43774,73095;
1155;43774,73095;
1156;43774,73095;
1157;43774,73095;
1158;43774,73095;
1159;43774,73095;
1160;43516,50301;
1161;43516,50301;
1162;43516,50301;
1163;43516,50301;
1164;43516,50301;
1165;43516,50301;
1166;43516,50301;
1167;43516,50301;
1168;43516,50301;
1169;43516,50301;
1170;43516,50301;
1171;43516,50301;
1172;43516,50301;
1173;43516,50301;
1174;43516,50301;
1175;43516,50301;
1176;43516,50301;
1177;43516,50301;
1178;43516,50301;
1179;43516,50301;
1180;43516,50301;
1181;43516,50301;
1182;43516,50301;
1183;43516,50301;
1184;43516,50301;
1185;43516,50301;
1186;43516,50301;
1187;43516,50301;
1188;43516,50301;
1189;43516,50301;
1190;43516,50301;
1191;43516,50301;
1192;43516,50301;
1193;43516,50301;
1194;43365,82762;
1195;43365,82762;
1196;43365,82762;
1197;43365,82762;
1198;43365,82762;
1199;43365,82762;
1200;43365,82762;
1201;43365,82762;
1202;43365,82762;
1203;43365,82762;
1204;43365,82762;
1205;43365,82762;
1206;43365,82762;
1207;43365,82762;
1208;43365,82762;
1209;43365,82762;
1210;43365,82762;
1211;43365,82762;
1212;43365,82762;
1213;43365,82762;
1214;43365,82762;
1215;43365,82762;
1216;43365,82762;
1217;43365,82762;
1218;43365,82762;
1219;43365,82762;
1220;43365,82762;
1221;43365,82762;
1222;43365,82762;
1223;43365,82762;
1224;43365,82762;
1225;43365,82762;
1226;43365,82762;
1227;43365,82762;
1228;43365,82762;
1229;43365,82762;
1230;43365,82762;
1231;43365,82762;
1232;43365,82762;
1233;43365,82762;
1234;43365,82762;
1235;43365,82762;
1236;43365,82762;
1237;43365,82762;
1238;43365,82762;
1239;43365,82762;
1240;43365,82762;
1241;43365,82762;
1242;43365,82762;
1243;43365,82762;
1244;43365,82762;
1245;43365,82762;
1246;43365,82762;
1247;43365,82762;
1248;43365,82762;
1249;43365,82762;
1250;43365,82762;
1251;43365,82762;
1252;43365,82762;
1253;43365,82762;
1254;43365,82762;
1255;43365,82762;
1256;43365,82762;
1257;43365,82762;
1258;43365,82762;
1259;43365,82762;
1260;43365,82762;
1261;43365,82762;
1262;43365,82762;
1263;43365,82762;
1264;43365,82762;
1265;43365,82762;
1266;43365,82762;
1267;43264,94266;
1268;43264,94266;
1269;43264,94266;
1270;43264,94266;
1271;43264,94266;
1272;43264,94266;
1273;43264,94266;
1274;43264,94266;
1275;43264,94266;
1276;43264,94266;
1277;43264,94266;
1278;43264,94266;
1279;43264,94266;
1280;43264,94266;
1281;43264,94266;
1282;43264,94266;
1283;43125,60290;
1284;42963,45126;
1285;42963,45126;
1286;42963,45126;
1287;42944,80809;
1288;42944,80809;
1289;42944,80809;
1290;42944,80809;
1291;42944,80809;
1292;42944,80809;
1293;42944,80809;
1294;42944,80809;
1295;42944,80809;
1296;42944,80809;
1297;42944,80809;
1298;42944,80809;
1299;42944,80809;
1300;42944,80809;
1301;42944,80809;
1302;42944,80809;
1303;42944,80809;
1304;42944,80809;
1305;42944,80809;
1306;42944,80809;
1307;42944,80809;
1308;42944,80809;
1309;42944,80809;
1310;42944,80809;
1311;42740,56168;
1312;42740,56168;
1313;42740,56168;
1314;42740,56168;
1315;42740,56168;
1316;42740,56168;
1317;42740,56168;
1318;42740,56168;
1319;42740,56168;
1320;42740,56168;
1321;42740,56168;
1322;42740,56168;
1323;42740,56168;
1324;42740,56168;
1325;42740,56168;
1326;42740,56168;
1327;42740,56168;
1328;42740,56168;
1329;42740,56168;
1330;42740,56168;
1331;42740,56168;
1332;42740,56168;
1333;42740,56168;
1334;42740,56168;
1335;42740,56168;
1336;42740,56168;
1337;42740,56168;
1338;42740,56168;
1339;42740,56168;
1340;42740,56168;
1341;42740,56168;
1342;42740,56168;
1343;42740,56168;
1344;42740,56168;
1345;42740,56168;
1346;42740,56168;
1347;42740,56168;
1348;42740,56168;
1349;42740,56168;
1350;42740,56168;
1351;42740,56168;
1352;42740,56168;
1353;42740,56168;
1354;42740,56168;
1355;42740,56168;
1356;42740,56168;
1357;42740,56168;
1358;42740,56168;
1359;42740,56168;
1360;42740,56168;
1361;42740,56168;
1362;42740,56168;
1363;42740,56168;
1364;42740,56168;
1365;42740,56168;
1366;42740,56168;
1367;42740,56168;
1368;42740,56168;
1369;42740,56168;
1370;42740,56168;
1371;42740,56168;
1372;42740,56168;
1373;42740,56168;
1374;42740,56168;
1375;42740,56168;
1376;42740,56168;
1377;42740,56168;
1378;42740,56168;
1379;42740,56168;
1380;42740,56168;
1381;42740,56168;
1382;42740,56168;
1383;42740,56168;
1384;42740,56168;
1385;42740,56168;
1386;42740,56168;
1387;42740,56168;
1388;42740,56168;
1389;42740,56168;
1390;42740,56168;
1391;42740,56168;
1392;42740,56168;
1393;42740,56168;
1394;42740,56168;
1395;42740,56168;
1396;42740,56168;
1397;42740,56168;
1398;42740,56168;
1399;42740,56168;
1400;42740,56168;
1401;42740,56168;
1402;42740,56168;
1403;42740,56168;
1404;42740,56168;
1405;42740,56168;
1406;42740,56168;
1407;42740,56168;
1408;42740,56168;
1409;42740,56168;
1410;42740,56168;
1411;42740,56168;
1412;42740,56168;
1413;42740,56168;
1414;42740,56168;
1415;42740,56168;
1416;42740,56168;
1417;42740,56168;
1418;42740,56168;
1419;42740,56168;
1420;42740,56168;
1421;42740,56168;
1422;42740,56168;
1423;42740,56168;
1424;42740,56168;
1425;42740,56168;
1426;42740,56168;
1427;42740,56168;
1428;42740,56168;
1429;42740,56168;
1430;42740,56168;
1431;42740,56168;
1432;42740,56168;
1433;42740,56168;
1434;42740,56168;
1435;42740,56168;
1436;42740,56168;
1437;42740,56168;
1438;42740,56168;
1439;42740,56168;
1440;42740,56168;
1441;42740,56168;
1442;42740,56168;
1443;42740,56168;
1444;42740,56168;
1445;42740,56168;
1446;42740,56168;
1447;42740,56168;
1448;42740,56168;
1449;42740,56168;
1450;42740,56168;
1451;42740,56168;
1452;42740,56168;
1453;42740,56168;
1454;42740,56168;
1455;42740,56168;
1456;42740,56168;
1457;42740,56168;
1458;42740,56168;
1459;42740,56168;
1460;42740,56168;
1461;42740,56168;
1462;42740,56168;
1463;42740,56168;
1464;42740,56168;
1465;42740,56168;
1466;42740,56168;
1467;42740,56168;
1468;42740,56168;
1469;42740,56168;
1470;42740,56168;
1471;42740,56168;
1472;42740,56168;
1473;42740,56168;
1474;42740,56168;
1475;42740,56168;
1476;42740,56168;
1477;42740,56168;
1478;42740,56168;
1479;42740,56168;
1480;42740,56168;
1481;42740,56168;
1482;42740,56168;
1483;42740,56168;
1484;42740,56168;
1485;42740,56168;
1486;42740,56168;
1487;42740,56168;
1488;42740,56168;
1489;42740,56168;
1490;42740,56168;
1491;42740,56168;
1492;42740,56168;
1493;42740,56168;
1494;42740,56168;
1495;42740,56168;
1496;42740,56168;
1497;42740,56168;
1498;42740,56168;
1499;42740,56168;
1500;42740,56168;
1501;42740,56168;
1502;42740,56168;
1503;42740,56168;
1504;42740,56168;
1505;42740,56168;
1506;42740,56168;
1507;42740,56168;
1508;42740,56168;
1509;42740,56168;
1510;42740,56168;
1511;42740,56168;
1512;42740,56168;
1513;42740,56168;
1514;42740,56168;
1515;42740,56168;
1516;42740,56168;
1517;42740,56168;
1518;42740,56168;
1519;42740,56168;
1520;42740,56168;
1521;42740,56168;
1522;42740,56168;
1523;42740,56168;
1524;42740,56168;
1525;42740,56168;
1526;42548,84046;
1527;42548,84046;
1528;42548,84046;
1529;42548,84046;
1530;42548,84046;
1531;42548,84046;
1532;42548,84046;
1533;42548,84046;
1534;42548,84046;
1535;42548,84046;
1536;42548,84046;
1537;42548,84046;
1538;42548,84046;
1539;42548,84046;
1540;42548,84046;
1541;42548,84046;
1542;42548,84046;
1543;42548,84046;
1544;42548,84046;
1545;42548,84046;
1546;42548,84046;
1547;42548,84046;
1548;42548,84046;
1549;42548,84046;
1550;42548,84046;
1551;42548,84046;
1552;42548,84046;
1553;42548,84046;
1554;42548,84046;
1555;42548,84046;
1556;42548,84046;
1557;42548,84046;
1558;42548,84046;
1559;42548,84046;
1560;42548,84046;
1561;42548,84046;
1562;42548,84046;
1563;42548,84046;
1564;42548,84046;
1565;42548,84046;
1566;42548,84046;
1567;42548,84046;
1568;42548,84046;
1569;42548,84046;
1570;42548,84046;
1571;42548,84046;
1572;42548,84046;
1573;42548,84046;
1574;42548,84046;
1575;42548,84046;
1576;42548,84046;
1577;42548,84046;
1578;42548,84046;
1579;42548,84046;
1580;42548,84046;
1581;42548,84046;
1582;42548,84046;
1583;42548,84046;
1584;42548,84046;
1585;42548,84046;
1586;42548,84046;
1587;42548,84046;
1588;42548,84046;
1589;42548,84046;
1590;42548,84046;
1591;42548,84046;
1592;42548,84046;
1593;42548,84046;
1594;42548,84046;
1595;42548,84046;
1596;42548,84046;
1597;42548,84046;
1598;42548,84046;
1599;42548,84046;
1600;42548,84046;
1601;42548,84046;
1602;42548,84046;
1603;42548,84046;
1604;42548,84046;
1605;42548,84046;
1606;42548,84046;
1607;42548,84046;
1608;42548,84046;
1609;42548,84046;
1610;42548,84046;
1611;42548,84046;
1612;42548,84046;
1613;42548,84046;
1614;42548,84046;
1615;42548,84046;
1616;42548,84046;
1617;42548,84046;
1618;42548,84046;
1619;42548,84046;
1620;42548,84046;
1621;42548,84046;
1622;42548,84046;
1623;42548,84046;
1624;42548,84046;
1625;42548,84046;
1626;42548,84046;
1627;42548,84046;
1628;42548,84046;
1629;42548,84046;
1630;42548,84046;
1631;42548,84046;
1632;42548,84046;
1633;42548,84046;
1634;42548,84046;
1635;42548,84046;
1636;42548,84046;
1637;42548,84046;
1638;42548,84046;
1639;42548,84046;
1640;42548,84046;
1641;42548,84046;
1642;42548,84046;
1643;42548,84046;
1644;42548,84046;
1645;42548,84046;
1646;42548,84046;
1647;42548,84046;
1648;42548,84046;
1649;42548,84046;
1650;42548,84046;
1651;42548,84046;
1652;42548,84046;
1653;42548,84046;
1654;42548,84046;
1655;42548,84046;
1656;42548,84046;
1657;42548,84046;
1658;42548,84046;
1659;42548,84046;
1660;42548,84046;
1661;42548,84046;
1662;42548,84046;
1663;42548,84046;
1664;42548,84046;
1665;42548,84046;
1666;42548,84046;
1667;42548,84046;
1668;42548,84046;
1669;42548,84046;
1670;42548,84046;
1671;42548,84046;
1672;42548,84046;
1673;42548,84046;
1674;42548,84046;
1675;42548,84046;
1676;42548,84046;
1677;42548,84046;
1678;42548,84046;
1679;42548,84046;
1680;42548,84046;
1681;42548,84046;
1682;42548,84046;
1683;42548,84046;
1684;42548,84046;
1685;42548,84046;
1686;42548,84046;
1687;42548,84046;
1688;42548,84046;
1689;42548,84046;
1690;42548,84046;
1691;42548,84046;
1692;42548,84046;
1693;42548,84046;
1694;42548,84046;
1695;42548,84046;
1696;42548,84046;
1697;42548,84046;
1698;42548,84046;
1699;42548,84046;
1700;42548,84046;
1701;42548,84046;
1702;42548,84046;
1703;42548,84046;
1704;42548,84046;
1705;42548,84046;
1706;42548,84046;
1707;42548,84046;
1708;42529,30969;
1709;42529,30969;
1710;42529,30969;
1711;42529,30969;
1712;42529,30969;
1713;42529,30969;
1714;42304,28329;
1715;42304,28329;
1716;42304,28329;
1717;42304,28329;
1718;42304,28329;
1719;42304,28329;
1720;42304,28329;
1721;42080,81776;
1722;42080,81776;
1723;42080,81776;
1724;42080,81776;
1725;42080,81776;
1726;42080,81776;
1727;42080,81776;
1728;42080,81776;
1729;42080,81776;
1730;42080,81776;
1731;42080,81776;
1732;42080,81776;
1733;42080,81776;
1734;42080,81776;
1735;42080,81776;
1736;42080,81776;
1737;42080,81776;
1738;42080,81776;
1739;42080,81776;
1740;42080,81776;
1741;42080,81776;
1742;42080,81776;
1743;42080,81776;
1744;42080,81776;
1745;42080,81776;
1746;42080,81776;
1747;42080,81776;
1748;42080,81776;
1749;42080,81776;
1750;42080,81776;
1751;42080,81776;
1752;42080,81776;
1753;42080,81776;
1754;42080,81776;
1755;42080,81776;
1756;42080,81776;
1757;42080,81776;
1758;42080,81776;
1759;42080,81776;
1760;42080,81776;
1761;42080,81776;
1762;42080,81776;
1763;42080,81776;
1764;42080,81776;
1765;42080,81776;
1766;42080,81776;
1767;42080,81776;
1768;42080,81776;
1769;42080,81776;
1770;42080,81776;
1771;42080,81776;
1772;42080,81776;
1773;42080,81776;
1774;42080,81776;
1775;42080,81776;
1776;42080,81776;
1777;42080,81776;
1778;42080,81776;
1779;42080,81776;
1780;42080,81776;
1781;42080,81776;
1782;42080,81776;
1783;42080,81776;
1784;42080,81776;
1785;42080,81776;
1786;42080,81776;
1787;42080,81776;
1788;42080,81776;
1789;42080,81776;
1790;42080,81776;
1791;42080,81776;
1792;42080,81776;
1793;42080,81776;
1794;42080,81776;
1795;42080,81776;
1796;42080,81776;
1797;42080,81776;
1798;42080,81776;
1799;42080,81776;
1800;42080,81776;
1801;42080,81776;
1802;42080,81776;
1803;42080,81776;
1804;42080,81776;
1805;42080,81776;
1806;42080,81776;
1807;42080,81776;
1808;42080,81776;
1809;42080,81776;
1810;42080,81776;
1811;42080,81776;
1812;42080,81776;
1813;42080,81776;
1814;42080,81776;
1815;42080,81776;
1816;42080,81776;
1817;42080,81776;
1818;42080,81776;
1819;42080,81776;
1820;42080,81776;
1821;42080,81776;
1822;42080,81776;
1823;42080,81776;
1824;42080,81776;
1825;42080,81776;
1826;42080,81776;
1827;42080,81776;
1828;42080,81776;
1829;42080,81776;
1830;42080,81776;
1831;42080,81776;
1832;42080,81776;
1833;42080,81776;
1834;42080,81776;
1835;42080,81776;
1836;42080,81776;
1837;42080,81776;
1838;42080,81776;
1839;42080,81776;
1840;42080,81776;
1841;42080,81776;
1842;42080,81776;
1843;42080,81776;
1844;42080,81776;
1845;42080,81776;
1846;42080,81776;
1847;42080,81776;
1848;42080,81776;
1849;42080,81776;
1850;42080,81776;
1851;42080,81776;
1852;42080,81776;
1853;42080,81776;
1854;42080,81776;
1855;42080,81776;
1856;42080,81776;
1857;42080,81776;
1858;42080,81776;
1859;42080,81776;
1860;42080,81776;
1861;42080,81776;
1862;42080,81776;
1863;42080,81776;
1864;42080,81776;
1865;42080,81776;
1866;42080,81776;
1867;42080,81776;
1868;42080,81776;
1869;42080,81776;
1870;42080,81776;
1871;42080,81776;
1872;42080,81776;
1873;42080,81776;
1874;42080,81776;
1875;42080,81776;
1876;42080,81776;
1877;42080,81776;
1878;42080,81776;
1879;42080,81776;
1880;42080,81776;
1881;42080,81776;
1882;42080,81776;
1883;42080,81776;
1884;42080,81776;
1885;42080,81776;
1886;42080,81776;
1887;42080,81776;
1888;42080,81776;
1889;42080,81776;
1890;42080,81776;
1891;42080,81776;
1892;42080,81776;
1893;42080,81776;
1894;42080,81776;
1895;42080,81776;
1896;42080,81776;
1897;42080,81776;
1898;42080,81776;
1899;42080,81776;
1900;42080,81776;
1901;42080,81776;
1902;42080,81776;
1903;42080,81776;
1904;42080,81776;
1905;42080,81776;
1906;42080,81776;
1907;42080,81776;
1908;42080,81776;
1909;42080,81776;
1910;42080,81776;
1911;42080,81776;
1912;42080,81776;
1913;42080,81776;
1914;42080,81776;
1915;42080,81776;
1916;42080,81776;
1917;42080,81776;
1918;42080,81776;
1919;42080,81776;
1920;42080,81776;
1921;42080,81776;
1922;42080,81776;
1923;42080,81776;
1924;42080,81776;
1925;42080,81776;
1926;42080,81776;
1927;42080,81776;
1928;42080,81776;
1929;42080,81776;
1930;42080,81776;
1931;42080,81776;
1932;42080,81776;
1933;42080,81776;
1934;42080,81776;
1935;42080,81776;
1936;42080,81776;
1937;42080,81776;
1938;42080,81776;
1939;42080,81776;
1940;42080,81776;
1941;42080,81776;
1942;42080,81776;
1943;42080,81776;
1944;42080,81776;
1945;42080,81776;
1946;42080,81776;
1947;42080,81776;
1948;42080,81776;
1949;42080,81776;
1950;42080,81776;
1951;42080,81776;
1952;42080,81776;
1953;42080,81776;
1954;42080,81776;
1955;42080,81776;
1956;42080,81776;
1957;42080,81776;
1958;42080,81776;
1959;42080,81776;
1960;42080,81776;
1961;42080,81776;
1962;42080,81776;
1963;42080,81776;
1964;42080,81776;
1965;42080,81776;
1966;42080,81776;
1967;42080,81776;
1968;42080,81776;
1969;42080,81776;
1970;42080,81776;
1971;42080,81776;
1972;42080,81776;
1973;42080,81776;
1974;42080,81776;
1975;42080,81776;
1976;42080,81776;
1977;42080,81776;
1978;42080,81776;
1979;42080,81776;
1980;42080,81776;
1981;42080,81776;
1982;42080,81776;
1983;42080,81776;
1984;42080,81776;
1985;42080,81776;
1986;42080,81776;
1987;42080,81776;
1988;42080,81776;
1989;42080,81776;
1990;42080,81776;
1991;42080,81776;
1992;42080,81776;
1993;42080,81776;
1994;42080,81776;
1995;42080,81776;
1996;42080,81776;
1997;42080,81776;
1998;42016,78323;
1999;42016,78323;
2000;42016,78323;
2001;42016,78323;
2002;42016,78323;
2003;42016,78323;
2004;42016,78323;
2005;42016,78323;
2006;42016,78323;
2007;42016,78323;
2008;42016,78323;
2009;42016,78323;
2010;42016,78323;
2011;42016,78323;
2012;42016,78323;
2013;42016,78323;
2014;42016,78323;
2015;42016,78323;
2016;42016,78323;
2017;42016,78323;
2018;42016,78323;
2019;42016,78323;
2020;42016,78323;
2021;42016,78323;
2022;42016,78323;
2023;42016,78323;
2024;42016,78323;
2025;42016,78323;
2026;42016,78323;
2027;42016,78323;
2028;42016,78323;
2029;42016,78323;
2030;42016,78323;
2031;42016,78323;
2032;42016,78323;
2033;42016,78323;
2034;42016,78323;
2035;42016,78323;
2036;42016,78323;
2037;42016,78323;
2038;42016,78323;
2039;42016,78323;
2040;42016,78323;
2041;42016,78323;
2042;42016,78323;
2043;42016,78323;
2044;42016,78323;
2045;42016,78323;
2046;42016,78323;
2047;42016,78323;
2048;42016,78323;
2049;42016,78323;
2050;42016,78323;
2051;42016,78323;
2052;42016,78323;
2053;42016,78323;
2054;42016,78323;
2055;42016,78323;
2056;42016,78323;
2057;42016,78323;
2058;42016,78323;
2059;42016,78323;
2060;42016,78323;
2061;42016,78323;
2062;42016,78323;
2063;42016,78323;
2064;42016,78323;
2065;42016,78323;
2066;42016,78323;
2067;42016,78323;
2068;42016,78323;
2069;42016,78323;
2070;42016,78323;
2071;42016,78323;
2072;42016,78323;
2073;42016,78323;
2074;42016,78323;
2075;42016,78323;
2076;42016,78323;
2077;42016,78323;
2078;42016,78323;
2079;42016,78323;
2080;42016,78323;
2081;42016,78323;
2082;42016,78323;
2083;42016,78323;
2084;42016,78323;
2085;42016,78323;
2086;42016,78323;
2087;42016,78323;
2088;42016,78323;
2089;42016,78323;
2090;42016,78323;
2091;42016,78323;
2092;42016,78323;
2093;42016,78323;
2094;42016,78323;
2095;42016,78323;
2096;42016,78323;
2097;42016,78323;
2098;42016,78323;
2099;42016,78323;
2100;42016,78323;
2101;42016,78323;
2102;42016,78323;
2103;42016,78323;
2104;42016,78323;
2105;42016,78323;
2106;42016,78323;
2107;42016,78323;
2108;42016,78323;
2109;42016,78323;
2110;42016,78323;
2111;42016,78323;
2112;42016,78323;
2113;42016,78323;
2114;42016,78323;
2115;42016,78323;
2116;42016,78323;
2117;42016,78323;
2118;42016,78323;
2119;42016,78323;
2120;42016,78323;
2121;42016,78323;
2122;42016,78323;
2123;42016,78323;
2124;42016,78323;
2125;42016,78323;
2126;42016,78323;
2127;42016,78323;
2128;42016,78323;
2129;42016,78323;
2130;42016,78323;
2131;42016,78323;
2132;42016,78323;
2133;42016,78323;
2134;42016,78323;
2135;42016,78323;
2136;42016,78323;
2137;42016,78323;
2138;42016,78323;
2139;42016,78323;
2140;42016,78323;
2141;42016,78323;
2142;42016,78323;
2143;42016,78323;
2144;42016,78323;
2145;42016,78323;
2146;42016,78323;
2147;42016,78323;
2148;42016,78323;
2149;42016,78323;
2150;42016,78323;
2151;42016,78323;
2152;42016,78323;
2153;42016,78323;
2154;42016,78323;
2155;42016,78323;
2156;42016,78323;
2157;42016,78323;
2158;42016,78323;
2159;42016,78323;
2160;42016,78323;
2161;42016,78323;
2162;42016,78323;
2163;42016,78323;
2164;42016,78323;
2165;42016,78323;
2166;42016,78323;
2167;42016,78323;
2168;42016,78323;
2169;42016,78323;
2170;42016,78323;
2171;42016,78323;
2172;42016,78323;
2173;42016,78323;
2174;42016,78323;
2175;42016,78323;
2176;42016,78323;
2177;42016,78323;
2178;42016,78323;
2179;42016,78323;
2180;42016,78323;
2181;42016,78323;
2182;42016,78323;
2183;42016,78323;
2184;42016,78323;
2185;42016,78323;
2186;42016,78323;
2187;42016,78323;
2188;42016,78323;
2189;42016,78323;
2190;42016,78323;
2191;42016,78323;
2192;42016,78323;
2193;42016,78323;
2194;42016,78323;
2195;42016,78323;
2196;42016,78323;
2197;42016,78323;
2198;42016,78323;
2199;42016,78323;
2200;42016,78323;
2201;42016,78323;
2202;42016,78323;
2203;42016,78323;
2204;42016,78323;
2205;42016,78323;
2206;42016,78323;
2207;42016,78323;
2208;42016,78323;
2209;42016,78323;
2210;42016,78323;
2211;42016,78323;
2212;42016,78323;
2213;42016,78323;
2214;42016,78323;
2215;42016,78323;
2216;42016,78323;
2217;42016,78323;
2218;42016,78323;
2219;42016,78323;
2220;42016,78323;
2221;42016,78323;
2222;42016,78323;
2223;42016,78323;
2224;42016,78323;
2225;42016,78323;
2226;42016,78323;
2227;42016,78323;
2228;42016,78323;
2229;42016,78323;
2230;42016,78323;
2231;42016,78323;
2232;42016,78323;
2233;42016,78323;
2234;42016,78323;
2235;42016,78323;
2236;42016,78323;
2237;42016,78323;
2238;42016,78323;
2239;42016,78323;
2240;42016,78323;
2241;42016,78323;
2242;42016,78323;
2243;42016,78323;
2244;42016,78323;
2245;42016,78323;
2246;42016,78323;
2247;42016,78323;
2248;42016,78323;
2249;42016,78323;
2250;42016,78323;
2251;42016,78323;
2252;42016,78323;
2253;42016,78323;
2254;42016,78323;
2255;42016,78323;
2256;42016,78323;
2257;42016,78323;
2258;42016,78323;
2259;42016,78323;
2260;42016,78323;
2261;42016,78323;
2262;42016,78323;
2263;42016,78323;
2264;42016,78323;
2265;42016,78323;
2266;42016,78323;
2267;42016,78323;
2268;42016,78323;
2269;42016,78323;
2270;42016,78323;
2271;42016,78323;
2272;42016,78323;
2273;42016,78323;
2274;42016,78323;
2275;42016,78323;
2276;42016,78323;
2277;42016,78323;
2278;42016,78323;
2279;42016,78323;
2280;42016,78323;
2281;42016,78323;
2282;42016,78323;
2283;42016,78323;
2284;42016,78323;
2285;42016,78323;
2286;42016,78323;
2287;42016,78323;
2288;42016,78323;
2289;42016,78323;
2290;42016,78323;
2291;42016,78323;
2292;42016,78323;
2293;42016,78323;
2294;42016,78323;
2295;42016,78323;
2296;42016,78323;
2297;42016,78323;
2298;42016,78323;
2299;42016,78323;
2300;42016,78323;
2301;42016,78323;
2302;42016,78323;
2303;42016,78323;
2304;42016,78323;
2305;42016,78323;
2306;42016,78323;
2307;42016,78323;
2308;42016,78323;
2309;42016,78323;
2310;42016,78323;
2311;41960,08930;
2312;41960,08930;
2313;41960,08930;
2314;41960,08930;
2315;41960,08930;
2316;41960,08930;
2317;41960,08930;
2318;41960,08930;
2319;41960,08930;
2320;41960,08930;
2321;41960,08930;
2322;41960,08930;
2323;41960,08930;
2324;41960,08930;
2325;41960,08930;
2326;41960,08930;
2327;41960,08930;
2328;41960,08930;
2329;41960,08930;
2330;41960,08930;
2331;41960,08930;
2332;41960,08930;
2333;41960,08930;
2334;41960,08930;
2335;41960,08930;
2336;41960,08930;
2337;41960,08930;
2338;41960,08930;
2339;41960,08930;
2340;41960,08930;
2341;41960,08930;
2342;41960,08930;
2343;41960,08930;
2344;41960,08930;
2345;41960,08930;
2346;41960,08930;
2347;41960,08930;
2348;41960,08930;
2349;41960,08930;
2350;41960,08930;
2351;41960,08930;
2352;41960,08930;
2353;41960,08930;
2354;41886,10721;
2355;41886,10721;
2356;41886,10721;
2357;41886,10721;
2358;41886,10721;
2359;41886,10721;
2360;41886,10721;
2361;41886,10721;
2362;41886,10721;
2363;41886,10721;
2364;41886,10721;
2365;41886,10721;
2366;41886,10721;
2367;41886,10721;
2368;41886,10721;
2369;41886,10721;
2370;41886,10721;
2371;41886,10721;
2372;41886,10721;
2373;41886,10721;
2374;41886,10721;
2375;41886,10721;
2376;41886,10721;
2377;41886,10721;
2378;41886,10721;
2379;41886,10721;
2380;41886,10721;
2381;41886,10721;
2382;41886,10721;
2383;41886,10721;
2384;41886,10721;
2385;41886,10721;
2386;41886,10721;
2387;41886,10721;
2388;41886,10721;
2389;41886,10721;
2390;41886,10721;
2391;41886,10721;
2392;41886,10721;
2393;41886,10721;
2394;41886,10721;
2395;41886,10721;
2396;41886,10721;
2397;41886,10721;
2398;41886,10721;
2399;41886,10721;
2400;41886,10721;
2401;41886,10721;
2402;41886,10721;
2403;41886,10721;
2404;41886,10721;
2405;41886,10721;
2406;41886,10721;
2407;41886,10721;
2408;41886,10721;
2409;41886,10721;
2410;41886,10721;
2411;41886,10721;
2412;41886,10721;
2413;41886,10721;
2414;41886,10721;
2415;41886,10721;
2416;41886,10721;
2417;41886,10721;
2418;41886,10721;
2419;41886,10721;
2420;41886,10721;
2421;41886,10721;
2422;41886,10721;
2423;41886,10721;
2424;41886,10721;
2425;41886,10721;
2426;41886,10721;
2427;41886,10721;
2428;41886,10721;
2429;41886,10721;
2430;41886,10721;
2431;41886,10721;
2432;41886,10721;
2433;41886,10721;
2434;41886,10721;
2435;41886,10721;
2436;41886,10721;
2437;41886,10721;
2438;41886,10721;
2439;41886,10721;
2440;41886,10721;
2441;41886,10721;
2442;41886,10721;
2443;41886,10721;
2444;41886,10721;
2445;41886,10721;
2446;41886,10721;
2447;41886,10721;
2448;41886,10721;
2449;41886,10721;
2450;41886,10721;
2451;41886,10721;
2452;41886,10721;
2453;41886,10721;
2454;41886,10721;
2455;41886,10721;
2456;41886,10721;
2457;41886,10721;
2458;41886,10721;
2459;41886,10721;
2460;41886,10721;
2461;41886,10721;
2462;41886,10721;
2463;41886,10721;
2464;41886,10721;
2465;41886,10721;
2466;41886,10721;
2467;41886,10721;
2468;41886,10721;
2469;41886,10721;
2470;41886,10721;
2471;41886,10721;
2472;41886,10721;
2473;41886,10721;
2474;41886,10721;
2475;41886,10721;
2476;41886,10721;
2477;41886,10721;
2478;41886,10721;
2479;41886,10721;
2480;41886,10721;
2481;41886,10721;
2482;41886,10721;
2483;41886,10721;
2484;41886,10721;
2485;41886,10721;
2486;41886,10721;
2487;41886,10721;
2488;41886,10721;
2489;41886,10721;
2490;41886,10721;
2491;41886,10721;
2492;41886,10721;
2493;41886,10721;
2494;41886,10721;
2495;41886,10721;
2496;41886,10721;
2497;41886,10721;
2498;41886,10721;
2499;41886,10721;
2500;41886,10721;
2501;41886,10721;
2502;41886,10721;
2503;41886,10721;
2504;41886,10721;
2505;41886,10721;
2506;41886,10721;
2507;41886,10721;
2508;41886,10721;
2509;41886,10721;
2510;41886,10721;
2511;41886,10721;
2512;41886,10721;
2513;41886,10721;
2514;41886,10721;
2515;41886,10721;
2516;41886,10721;
2517;41886,10721;
2518;41886,10721;
2519;41886,10721;
2520;41886,10721;
2521;41886,10721;
2522;41886,10721;
2523;41886,10721;
2524;41886,10721;
2525;41886,10721;
2526;41886,10721;
2527;41886,10721;
2528;41886,10721;
2529;41886,10721;
2530;41886,10721;
2531;41886,10721;
2532;41886,10721;
2533;41886,10721;
2534;41886,10721;
2535;41886,10721;
2536;41886,10721;
2537;41886,10721;
2538;41886,10721;
2539;41886,10721;
2540;41886,10721;
2541;41886,10721;
2542;41886,10721;
2543;41886,10721;
2544;41886,10721;
2545;41886,10721;
2546;41886,10721;
2547;41886,10721;
2548;41886,10721;
2549;41886,10721;
2550;41886,10721;
2551;41886,10721;
2552;41886,10721;
2553;41886,10721;
2554;41886,10721;
2555;41886,10721;
2556;41886,10721;
2557;41886,10721;
2558;41886,10721;
2559;41886,10721;
2560;41886,10721;
2561;41886,10721;
2562;41886,10721;
2563;41886,10721;
2564;41886,10721;
2565;41886,10721;
2566;41886,10721;
2567;41886,10721;
2568;41886,10721;
2569;41886,10721;
2570;41886,10721;
2571;41886,10721;
2572;41886,10721;
2573;41886,10721;
2574;41886,10721;
2575;41886,10721;
2576;41886,10721;
2577;41886,10721;
2578;41886,10721;
2579;41886,10721;
2580;41886,10721;
2581;41886,10721;
2582;41886,10721;
2583;41886,10721;
2584;41886,10721;
2585;41886,10721;
2586;41886,10721;
2587;41886,10721;
2588;41886,10721;
2589;41886,10721;
2590;41886,10721;
2591;41886,10721;
2592;41886,10721;
2593;41886,10721;
2594;41886,10721;
2595;41886,10721;
2596;41886,10721;
2597;41886,10721;
2598;41886,10721;
2599;41886,10721;
2600;41886,10721;
2601;41886,10721;
2602;41886,10721;
2603;41886,10721;
2604;41886,10721;
2605;41886,10721;
2606;41886,10721;
2607;41886,10721;
2608;41886,10721;
2609;41886,10721;
2610;41886,10721;
2611;41886,10721;
2612;41886,10721;
2613;41886,10721;
2614;41886,10721;
2615;41886,10721;
2616;41886,10721;
2617;41886,10721;
2618;41886,10721;
2619;41886,10721;
2620;41886,10721;
2621;41886,10721;
2622;41886,10721;
2623;41886,10721;
2624;41886,10721;
2625;41886,10721;
2626;41886,10721;
2627;41886,10721;
2628;41886,10721;
2629;41886,10721;
2630;41886,10721;
2631;41886,10721;
2632;41886,10721;
2633;41886,10721;
2634;41886,10721;
2635;41886,10721;
2636;41886,10721;
2637;41886,10721;
2638;41886,10721;
2639;41886,10721;
2640;41886,10721;
2641;41886,10721;
2642;41886,10721;
2643;41886,10721;
2644;41886,10721;
2645;41886,10721;
2646;41886,10721;
2647;41886,10721;
2648;41886,10721;
2649;41886,10721;
2650;41886,10721;
2651;41886,10721;
2652;41886,10721;
2653;41886,10721;
2654;41886,10721;
2655;41886,10721;
2656;41886,10721;
2657;41886,10721;
2658;41886,10721;
2659;41886,10721;
2660;41886,10721;
2661;41886,10721;
2662;41886,10721;
2663;41886,10721;
2664;41886,10721;
2665;41886,10721;
2666;41886,10721;
2667;41886,10721;
2668;41886,10721;
2669;41886,10721;
2670;41886,10721;
2671;41886,10721;
2672;41886,10721;
2673;41886,10721;
2674;41886,10721;
2675;41886,10721;
2676;41886,10721;
2677;41886,10721;
2678;41886,10721;
2679;41886,10721;
2680;41886,10721;
2681;41886,10721;
2682;41886,10721;
2683;41886,10721;
2684;41886,10721;
2685;41886,10721;
2686;41886,10721;
2687;41886,10721;
2688;41886,10721;
2689;41886,10721;
2690;41886,10721;
2691;41886,10721;
2692;41886,10721;
2693;41886,10721;
2694;41886,10721;
2695;41886,10721;
2696;41886,10721;
2697;41886,10721;
2698;41886,10721;
2699;41886,10721;
